rmidghall0@independent.co.uk,emidghall0,pass,Maëlle,Midghall
fbrinkler1@digg.com,abrinkler1,pass,Dà,Brinkler
pamery2@nydailynews.com,namery2,pass,Lorène,Amery
lhyslop3@yellowpages.com,rhyslop3,pass,Gérald,Hyslop
ztortice4@engadget.com,mtortice4,pass,Åsa,Tortice
lcolbran5@businesswire.com,bcolbran5,pass,Séverine,Colbran
nwiggall6@uol.com.br,mwiggall6,pass,Léandre,Wiggall
ldeverille7@arstechnica.com,ldeverille7,pass,Gösta,Deverille
cbutland8@bbc.co.uk,mbutland8,pass,Mégane,Butland
madame9@umn.edu,fadame9,pass,Cloé,Adame
csideya@blog.com,ssideya,pass,Thérèse,Sidey
mdishmanb@skyrock.com,gdishmanb,pass,Tán,Dishman
hmeinekenc@wikia.com,dmeinekenc,pass,Tán,Meineken
cmousleyd@utexas.edu,mmousleyd,pass,Océane,Mousley
rgreedinge@google.fr,fgreedinge,pass,Miléna,Greeding
idefewf@wikimedia.org,ddefewf,pass,Yénora,De Few
bduncansong@reddit.com,eduncansong,pass,Annotés,Duncanson
lwiersmah@google.com.br,bwiersmah,pass,Simplifiés,Wiersma
ssermani@sohu.com,gsermani,pass,Valérie,Serman
smiddleweekj@mapy.cz,dmiddleweekj,pass,Angélique,Middleweek
ltriggelk@skyrock.com,dtriggelk,pass,Béatrice,Triggel
wstuckeyl@cdbaby.com,bstuckeyl,pass,Publicité,Stuckey
glingem@yale.edu,plingem,pass,Märta,Linge
tabramovitchn@ustream.tv,wabramovitchn,pass,Athéna,Abramovitch
sthackerayo@pcworld.com,ethackerayo,pass,Sélène,Thackeray
tficklingp@disqus.com,mficklingp,pass,Annotée,Fickling
ieronieq@pagesperso-orange.fr,leronieq,pass,Maïlys,Eronie
tbillamr@goo.gl,dbillamr,pass,Stévina,Billam
cmchans@phoca.cz,smchans,pass,Joséphine,McHan
lsollont@auda.org.au,tsollont,pass,Léane,Sollon
tcotillardu@independent.co.uk,ecotillardu,pass,Pò,Cotillard
qmcgeneayv@dmoz.org,ymcgeneayv,pass,Yáo,McGeneay
vvanderbruggew@meetup.com,bvanderbruggew,pass,Maëline,Van der Brugge
cbrittenx@cocolog-nifty.com,mbrittenx,pass,Eloïse,Britten
scharky@sakura.ne.jp,zcharky,pass,Åke,Chark
nmccoryz@squidoo.com,qmccoryz,pass,Maëlle,McCory
nblaschek10@fc2.com,mblaschek10,pass,Görel,Blaschek
lrubbens11@github.io,srubbens11,pass,Maëly,Rubbens
vcharon12@symantec.com,mcharon12,pass,Dafnée,Charon
ttofanini13@hc360.com,otofanini13,pass,Gisèle,Tofanini
cpritchard14@ebay.com,mpritchard14,pass,Angélique,Pritchard
htemporal15@com.com,vtemporal15,pass,Torbjörn,Temporal
cboeter16@eventbrite.com,cboeter16,pass,Lài,Boeter
sbigrigg17@tripod.com,lbigrigg17,pass,Célia,Bigrigg
eollander18@e-recht24.de,mollander18,pass,Maëline,Ollander
csawer19@geocities.jp,xsawer19,pass,Maïté,Sawer
slebell1a@craigslist.org,klebell1a,pass,Véronique,Lebell
asimms1b@ask.com,fsimms1b,pass,Cunégonde,Simms
vmichal1c@intel.com,imichal1c,pass,Lucrèce,Michal
fraund1d@dot.gov,vraund1d,pass,Håkan,Raund
cwaterstone1e@bbb.org,twaterstone1e,pass,Maëline,Waterstone
scrutchley1f@theguardian.com,kcrutchley1f,pass,Eloïse,Crutchley
btrythall1g@redcross.org,utrythall1g,pass,Rachèle,Trythall
acarlill1h@craigslist.org,lcarlill1h,pass,Loïc,Carlill
cnorthleigh1i@rambler.ru,gnorthleigh1i,pass,Publicité,Northleigh
mtaig1j@yahoo.co.jp,rtaig1j,pass,Céline,Taig
parndell1k@plala.or.jp,carndell1k,pass,Séverine,Arndell
ssiggers1l@home.pl,csiggers1l,pass,Frédérique,Siggers
abartles1m@hc360.com,vbartles1m,pass,Mélissandre,Bartles
hgillivrie1n@webnode.com,agillivrie1n,pass,Lucrèce,Gillivrie
sasson1o@e-recht24.de,easson1o,pass,Geneviève,Asson
sgoldhawk1p@goo.gl,agoldhawk1p,pass,Laurélie,Goldhawk
aveschambes1q@msn.com,kveschambes1q,pass,Zoé,Veschambes
finns1r@cbsnews.com,cinns1r,pass,Véronique,Inns
ibazylets1s@chicagotribune.com,ybazylets1s,pass,Laurélie,Bazylets
ptrassler1t@blogtalkradio.com,ktrassler1t,pass,Mélanie,Trassler
tmaren1u@ask.com,pmaren1u,pass,Judicaël,Maren
cboxell1v@weather.com,wboxell1v,pass,Agnès,Boxell
yocahsedy1w@statcounter.com,aocahsedy1w,pass,Clémentine,O'Cahsedy
palesbrook1x@foxnews.com,talesbrook1x,pass,Eloïse,Alesbrook
jbilsford1y@biblegateway.com,tbilsford1y,pass,Françoise,Bilsford
msclanders1z@acquirethisname.com,rsclanders1z,pass,Laurène,Sclanders
fblench20@hhs.gov,sblench20,pass,Edmée,Blench
pshearmer21@twitpic.com,dshearmer21,pass,Bérengère,Shearmer
lgain22@umich.edu,dgain22,pass,Solène,Gain
taxe23@bluehost.com,aaxe23,pass,Thérèse,Axe
bfuge24@sina.com.cn,dfuge24,pass,Åke,Fuge
abetteriss25@taobao.com,lbetteriss25,pass,Styrbjörn,Betteriss
ocartman26@dion.ne.jp,acartman26,pass,Mégane,Cartman
lsturr27@microsoft.com,psturr27,pass,Daphnée,Sturr
orasmus28@amazon.de,drasmus28,pass,Camélia,Rasmus
twincom29@answers.com,awincom29,pass,Loïs,Wincom
nhalm2a@delicious.com,whalm2a,pass,Bénédicte,Halm
iisaksen2b@t.co,misaksen2b,pass,Maëlys,Isaksen
croby2c@tripadvisor.com,sroby2c,pass,Lucrèce,Roby
damos2d@etsy.com,namos2d,pass,Almérinda,Amos
jgarrand2e@eventbrite.com,wgarrand2e,pass,Andrée,Garrand
cvockins2f@wikispaces.com,avockins2f,pass,Maëlyss,Vockins
ctetlow2g@patch.com,vtetlow2g,pass,Céline,Tetlow
msebrook2h@4shared.com,dsebrook2h,pass,Gösta,Sebrook
jguinness2i@icio.us,kguinness2i,pass,Örjan,Guinness
csharper2j@youtu.be,bsharper2j,pass,Cécilia,Sharper
mtock2k@narod.ru,atock2k,pass,Josée,Tock
ekasting2l@yelp.com,rkasting2l,pass,Hélèna,Kasting
dcumberlidge2m@phoca.cz,mcumberlidge2m,pass,Célia,Cumberlidge
nandreas2n@prnewswire.com,oandreas2n,pass,Anaïs,Andreas
zplom2o@marriott.com,lplom2o,pass,Miléna,Plom
rpendleberry2p@imageshack.us,ependleberry2p,pass,Camélia,Pendleberry
hdrowsfield2q@amazonaws.com,odrowsfield2q,pass,Lauréna,Drowsfield
rdries2r@un.org,odries2r,pass,Chloé,Dries
clotherington2s@whitehouse.gov,glotherington2s,pass,Hélèna,Lotherington
ajohanssen2t@nhs.uk,djohanssen2t,pass,Maéna,Johanssen
dgladman2u@techcrunch.com,ggladman2u,pass,Mélanie,Gladman
ckrimmer2v@ovh.net,bkrimmer2v,pass,Lyséa,Krimmer
lcheetham2w@cnbc.com,mcheetham2w,pass,Célia,Cheetham
freilingen2x@europa.eu,creilingen2x,pass,Zoé,Reilingen
bpeoples2y@com.com,bpeoples2y,pass,Laurélie,Peoples
mwaldren2z@prnewswire.com,nwaldren2z,pass,Maëlyss,Waldren
gvanderkrui30@bravesites.com,kvanderkrui30,pass,Marie-hélène,Van der Krui
sgecke31@seattletimes.com,lgecke31,pass,Eloïse,Gecke
pronchi32@sphinn.com,eronchi32,pass,Cécile,Ronchi
dpeto33@hao123.com,dpeto33,pass,Mén,Peto
iocooney34@imgur.com,vocooney34,pass,Maï,O'Cooney
amalkin35@a8.net,bmalkin35,pass,Crééz,Malkin
abolding36@illinois.edu,sbolding36,pass,Annotée,Bolding
nnovik37@weibo.com,knovik37,pass,Estée,Novik
dmarke38@last.fm,emarke38,pass,Lóng,Marke
rjillions39@foxnews.com,mjillions39,pass,Maï,Jillions
mponder3a@tinyurl.com,eponder3a,pass,Aurélie,Ponder
jwisedale3b@vkontakte.ru,dwisedale3b,pass,Eliès,Wisedale
mcuxon3c@aboutads.info,ccuxon3c,pass,Liè,Cuxon
gcastelluzzi3d@tuttocitta.it,scastelluzzi3d,pass,Östen,Castelluzzi
eflowers3e@vk.com,lflowers3e,pass,Athéna,Flowers
sgimenez3f@aboutads.info,jgimenez3f,pass,Yè,Gimenez
ybulman3g@themeforest.net,kbulman3g,pass,Géraldine,Bulman
dstollsteimer3h@google.com.au,mstollsteimer3h,pass,Crééz,Stollsteimer
vtolchar3i@tinypic.com,gtolchar3i,pass,Almérinda,Tolchar
zbastock3j@soundcloud.com,obastock3j,pass,Personnalisée,Bastock
llindsay3k@flickr.com,wlindsay3k,pass,Anaël,Lindsay
imayho3l@weibo.com,cmayho3l,pass,Gaëlle,Mayho
mricard3m@squidoo.com,hricard3m,pass,Valérie,Ricard
bsapson3n@geocities.com,esapson3n,pass,Aí,Sapson
rphilippet3o@hugedomains.com,kphilippet3o,pass,Léane,Philippet
csudell3p@furl.net,lsudell3p,pass,Bérénice,Sudell
jquinnet3q@reddit.com,kquinnet3q,pass,Gisèle,Quinnet
ctschursch3r@shop-pro.jp,btschursch3r,pass,Léandre,Tschursch
lwaren3s@samsung.com,hwaren3s,pass,Lucrèce,Waren
wghidini3t@networksolutions.com,kghidini3t,pass,Bénédicte,Ghidini
aguthrum3u@eepurl.com,vguthrum3u,pass,Angélique,Guthrum
jhuerta3v@hc360.com,ehuerta3v,pass,Nuó,Huerta
fbowfin3w@google.de,dbowfin3w,pass,Cunégonde,Bowfin
kdrewclifton3x@msu.edu,jdrewclifton3x,pass,Mylène,Drew-Clifton
mlefriec3y@dropbox.com,rlefriec3y,pass,Maéna,Le Friec
fhustler3z@storify.com,rhustler3z,pass,Adèle,Hustler
dedinborough40@wiley.com,redinborough40,pass,Solène,Edinborough
nberntssen41@arstechnica.com,wberntssen41,pass,Eléonore,Berntssen
kpickrill42@digg.com,kpickrill42,pass,Cunégonde,Pickrill
kshimony43@bloglines.com,wshimony43,pass,Simplifiés,Shimony
kgodly44@sciencedaily.com,lgodly44,pass,Eliès,Godly
rspeek45@nps.gov,mspeek45,pass,Séréna,Speek
htooze46@ameblo.jp,ctooze46,pass,Andréanne,Tooze
hbrosius47@nature.com,bbrosius47,pass,Maïly,Brosius
jsowrey48@desdev.cn,ksowrey48,pass,Danièle,Sowrey
ddeverill49@liveinternet.ru,mdeverill49,pass,Céline,Deverill
bphizacklea4a@1und1.de,bphizacklea4a,pass,Andréa,Phizacklea
vklimus4b@mail.ru,gklimus4b,pass,Véronique,Klimus
brye4c@cnet.com,mrye4c,pass,Bérénice,Rye
ffroggatt4d@cnbc.com,efroggatt4d,pass,Illustrée,Froggatt
zclayson4e@webeden.co.uk,gclayson4e,pass,Björn,Clayson
cfiles4f@state.tx.us,kfiles4f,pass,Irène,Files
rkierans4g@creativecommons.org,lkierans4g,pass,Eugénie,Kierans
mglasbey4h@wikimedia.org,aglasbey4h,pass,Cléa,Glasbey
mizard4i@umn.edu,sizard4i,pass,Médiamass,Izard
jstair4j@nyu.edu,dstair4j,pass,Marie-ève,Stair
gmcfarlan4k@engadget.com,dmcfarlan4k,pass,Léone,McFarlan
sbrosel4l@amazon.co.jp,abrosel4l,pass,Kuí,Brosel
tcranmore4m@bbb.org,mcranmore4m,pass,Maëlann,Cranmore
cterrill4n@gravatar.com,lterrill4n,pass,Océane,Terrill
jnancekivell4o@spotify.com,knancekivell4o,pass,Dafnée,Nancekivell
tkliner4p@ning.com,jkliner4p,pass,Néhémie,Kliner
rmeecher4q@umich.edu,fmeecher4q,pass,Personnalisée,Meecher
bkeaves4r@so-net.ne.jp,gkeaves4r,pass,Sòng,Keaves
iloddon4s@princeton.edu,lloddon4s,pass,Renée,Loddon
cmonkley4t@meetup.com,jmonkley4t,pass,Angèle,Monkley
dadolphine4u@cmu.edu,aadolphine4u,pass,Anaé,Adolphine
ameo4v@wisc.edu,hmeo4v,pass,Clémence,Meo
ngradon4w@state.gov,agradon4w,pass,Björn,Gradon
kfleay4x@odnoklassniki.ru,bfleay4x,pass,Léonie,Fleay
jfancott4y@naver.com,sfancott4y,pass,Desirée,Fancott
kmcdonell4z@mediafire.com,mmcdonell4z,pass,Alizée,McDonell
ekegan50@prweb.com,rkegan50,pass,Björn,Kegan
glakin51@cdbaby.com,dlakin51,pass,Mélys,Lakin
ebycraft52@marketwatch.com,wbycraft52,pass,Naéva,Bycraft
svauls53@ameblo.jp,hvauls53,pass,Célestine,Vauls
ncounihan54@xrea.com,acounihan54,pass,Lyséa,Counihan
etownes55@yolasite.com,rtownes55,pass,Pénélope,Townes
beccleshall56@a8.net,heccleshall56,pass,Mégane,Eccleshall
carondel57@comcast.net,garondel57,pass,Adèle,Arondel
slodwig58@altervista.org,alodwig58,pass,Noémie,Lodwig
knoddle59@naver.com,tnoddle59,pass,Bénédicte,Noddle
klandsman5a@g.co,jlandsman5a,pass,Styrbjörn,Landsman
jberntssen5b@nps.gov,aberntssen5b,pass,Annotés,Berntssen
bdaborne5c@cnet.com,rdaborne5c,pass,Marie-ève,Daborne
tmattersley5d@theatlantic.com,rmattersley5d,pass,Mégane,Mattersley
aorcott5e@moonfruit.com,horcott5e,pass,Maï,Orcott
plarvin5f@typepad.com,tlarvin5f,pass,Gwenaëlle,Larvin
hoverbury5g@dell.com,aoverbury5g,pass,Cloé,Overbury
xbritch5h@cyberchimps.com,wbritch5h,pass,Vérane,Britch
sranahan5i@va.gov,mranahan5i,pass,Danièle,Ranahan
ccamlin5j@cafepress.com,rcamlin5j,pass,Lyséa,Camlin
nlaminman5k@usatoday.com,glaminman5k,pass,Vérane,Laminman
sdavydkov5l@microsoft.com,pdavydkov5l,pass,Béatrice,Davydkov
lproudley5m@dropbox.com,lproudley5m,pass,Thérèsa,Proudley
abrisse5n@cpanel.net,rbrisse5n,pass,Mårten,Brisse
vjakel5o@ebay.com,pjakel5o,pass,Méng,Jakel
vplunkett5p@howstuffworks.com,wplunkett5p,pass,Nélie,Plunkett
uguerreru5q@reddit.com,dguerreru5q,pass,Hélène,Guerreru
bjumonet5r@ca.gov,cjumonet5r,pass,Yè,Jumonet
abodd5s@shinystat.com,rbodd5s,pass,Pélagie,Bodd
kjeyes5t@irs.gov,djeyes5t,pass,Mårten,Jeyes
rhickisson5u@smugmug.com,phickisson5u,pass,Maïlis,Hickisson
ciuorio5v@purevolume.com,diuorio5v,pass,Björn,Iuorio
gyushankin5w@senate.gov,ayushankin5w,pass,Dorothée,Yushankin
tlafee5x@ifeng.com,rlafee5x,pass,Véronique,Lafee
dmuggach5y@github.io,amuggach5y,pass,Liè,Muggach
lcrampsey5z@google.es,tcrampsey5z,pass,Eliès,Crampsey
otredwell60@chicagotribune.com,rtredwell60,pass,Céline,Tredwell
hbostick61@chicagotribune.com,rbostick61,pass,Maëlann,Bostick
mbeardshall62@godaddy.com,sbeardshall62,pass,Pélagie,Beardshall
tclaisse63@cocolog-nifty.com,dclaisse63,pass,Gösta,Claisse
gvaneeden64@ameblo.jp,mvaneeden64,pass,Rachèle,Van Eeden
xughi65@icio.us,oughi65,pass,Garçon,Ughi
cswannie66@tumblr.com,sswannie66,pass,Gaétane,Swannie
odrakard67@ihg.com,rdrakard67,pass,Bénédicte,Drakard
lpfleger68@eepurl.com,mpfleger68,pass,Vénus,Pfleger
mpepperell69@yandex.ru,dpepperell69,pass,Clémentine,Pepperell
tdunster6a@china.com.cn,gdunster6a,pass,André,Dunster
abockin6b@dot.gov,abockin6b,pass,Noëlla,Bockin
hduesberry6c@blogs.com,hduesberry6c,pass,Märta,Duesberry
atooher6d@wordpress.com,mtooher6d,pass,Lóng,Tooher
naucock6e@apple.com,laucock6e,pass,Lauréna,Aucock
alemoir6f@sakura.ne.jp,alemoir6f,pass,Lóng,Lemoir
dcromley6g@google.com,hcromley6g,pass,Gaëlle,Cromley
abrandes6h@topsy.com,gbrandes6h,pass,Andréanne,Brandes
clumpkin6i@pbs.org,glumpkin6i,pass,Gaëlle,Lumpkin
acolam6j@sina.com.cn,dcolam6j,pass,Ophélie,Colam
pelward6k@tumblr.com,telward6k,pass,Stéphanie,Elward
ldann6l@walmart.com,pdann6l,pass,Rébecca,Dann
amcnicol6m@buzzfeed.com,jmcnicol6m,pass,Tú,McNicol
dlorent6n@state.tx.us,slorent6n,pass,Vérane,Lorent
lworviell6o@alexa.com,mworviell6o,pass,Nélie,Worviell
apentercost6p@fotki.com,tpentercost6p,pass,Clélia,Pentercost
mbachnic6q@mediafire.com,rbachnic6q,pass,Josée,Bachnic
lsweetman6r@mozilla.com,asweetman6r,pass,Anaël,Sweetman
smorrel6s@hubpages.com,emorrel6s,pass,Yú,Morrel
bdomney6t@ted.com,adomney6t,pass,Célestine,Domney
dmccritchie6u@jalbum.net,nmccritchie6u,pass,Kallisté,McCritchie
tsievewright6v@diigo.com,asievewright6v,pass,Gwenaëlle,Sievewright
kmackro6w@squidoo.com,smackro6w,pass,Nélie,Mackro
dpersian6x@gravatar.com,apersian6x,pass,Aurélie,Persian
drubinowitsch6y@issuu.com,crubinowitsch6y,pass,Miléna,Rubinowitsch
wpippard6z@umich.edu,mpippard6z,pass,Intéressant,Pippard
aalcott70@tripod.com,ialcott70,pass,Marlène,Alcott
aborchardt71@dagondesign.com,aborchardt71,pass,Annotés,Borchardt
kshearstone72@mashable.com,lshearstone72,pass,Pélagie,Shearstone
ttristram73@photobucket.com,dtristram73,pass,Ráo,Tristram
kcrawcour74@google.it,ecrawcour74,pass,Lóng,Crawcour
mmquharg75@unesco.org,gmquharg75,pass,Andréanne,M'Quharg
cperryman76@exblog.jp,aperryman76,pass,Vérane,Perryman
sreeve77@illinois.edu,lreeve77,pass,Amélie,Reeve
cdraisey78@purevolume.com,cdraisey78,pass,Yú,Draisey
lfarncomb79@bravesites.com,lfarncomb79,pass,Célia,Farncomb
isaice7a@icq.com,rsaice7a,pass,Annotés,Saice
hrealph7b@nymag.com,brealph7b,pass,Chloé,Realph
cowthwaite7c@google.pl,aowthwaite7c,pass,Céline,Owthwaite
akadar7d@yelp.com,dkadar7d,pass,Zoé,Kadar
mkillingsworth7e@etsy.com,akillingsworth7e,pass,Måns,Killingsworth
wdusting7f@tripod.com,bdusting7f,pass,Aurélie,Dusting
rgronow7g@deliciousdays.com,agronow7g,pass,Mahélie,Gronow
ndemer7h@howstuffworks.com,cdemer7h,pass,Alizée,Demer
alukas7i@facebook.com,mlukas7i,pass,Clélia,Lukas
aspacy7j@artisteer.com,ospacy7j,pass,Edmée,Spacy
ggadsdon7k@boston.com,dgadsdon7k,pass,Maïly,Gadsdon
easbrey7l@wikia.com,kasbrey7l,pass,Kallisté,Asbrey
ebamlett7m@fda.gov,sbamlett7m,pass,Gaïa,Bamlett
cgumbrell7n@histats.com,sgumbrell7n,pass,Léa,Gumbrell
drippen7o@discuz.net,brippen7o,pass,Jú,Rippen
rlerwell7p@blogger.com,clerwell7p,pass,Mà,Lerwell
hclaire7q@dailymotion.com,hclaire7q,pass,Esbjörn,Claire
vboggers7r@samsung.com,mboggers7r,pass,Noémie,Boggers
jblazeby7s@ameblo.jp,ablazeby7s,pass,Dù,Blazeby
djentzsch7t@live.com,tjentzsch7t,pass,Méthode,Jentzsch
fkrabbe7u@google.co.jp,jkrabbe7u,pass,Táng,Krabbe
ccreamen7v@usa.gov,acreamen7v,pass,Mégane,Creamen
bpoyner7w@tripod.com,tpoyner7w,pass,Crééz,Poyner
mdogerty7x@ebay.co.uk,fdogerty7x,pass,Maëlla,Dogerty
svirgo7y@blogspot.com,gvirgo7y,pass,Tú,Virgo
dbalharry7z@quantcast.com,nbalharry7z,pass,Agnès,Balharry
rsallter80@seesaa.net,jsallter80,pass,Bérangère,Sallter
mcorcut81@prnewswire.com,gcorcut81,pass,Gérald,Corcut
ljuhruke82@163.com,sjuhruke82,pass,Mélys,Juhruke
sgreenhouse83@theguardian.com,dgreenhouse83,pass,Maï,Greenhouse
bmcvrone84@patch.com,kmcvrone84,pass,Bérangère,McVrone
kilyin85@slideshare.net,jilyin85,pass,Bérangère,Ilyin
aidell86@csmonitor.com,gidell86,pass,Ráo,Idell
bpenning87@booking.com,ppenning87,pass,Pò,Penning
cgalsworthy88@latimes.com,sgalsworthy88,pass,Fèi,Galsworthy
jmckevin89@ucsd.edu,fmckevin89,pass,Alizée,McKevin
fundrell8a@cnbc.com,aundrell8a,pass,Mégane,Undrell
jsplaven8b@123-reg.co.uk,msplaven8b,pass,Tán,Splaven
rscapens8c@arstechnica.com,dscapens8c,pass,Kévina,Scapens
vclassen8d@edublogs.org,iclassen8d,pass,Océanne,Classen
kletherbury8e@exblog.jp,jletherbury8e,pass,Mélissandre,Letherbury
lgaunter8f@uol.com.br,jgaunter8f,pass,Nélie,Gaunter
ncutridge8g@un.org,lcutridge8g,pass,Anaïs,Cutridge
mbeadnell8h@jiathis.com,gbeadnell8h,pass,Véronique,Beadnell
grosenkranc8i@google.fr,lrosenkranc8i,pass,Mégane,Rosenkranc
bgierck8j@vistaprint.com,ugierck8j,pass,Mélia,Gierck
ldevericks8k@altervista.org,kdevericks8k,pass,Méng,Devericks
keliff8l@mtv.com,meliff8l,pass,Crééz,Eliff
tabry8m@lulu.com,nabry8m,pass,Clélia,Abry
asigge8n@cnn.com,csigge8n,pass,Vénus,Sigge
adracey8o@tuttocitta.it,sdracey8o,pass,Styrbjörn,Dracey
pcoping8p@eventbrite.com,vcoping8p,pass,Michèle,Coping
dgillcrist8q@hatena.ne.jp,ngillcrist8q,pass,Océanne,Gillcrist
gtampion8r@bing.com,gtampion8r,pass,Táng,Tampion
fwarrington8s@businesswire.com,cwarrington8s,pass,Kévina,Warrington
slowers8t@51.la,dlowers8t,pass,Mégane,Lowers
jfader8u@sciencedirect.com,kfader8u,pass,Stévina,Fader
cgilgryst8v@huffingtonpost.com,sgilgryst8v,pass,Jú,Gilgryst
alorman8w@forbes.com,slorman8w,pass,Edmée,Lorman
oconybear8x@ucoz.com,aconybear8x,pass,Stéphanie,Conybear
mscotsbrook8y@si.edu,gscotsbrook8y,pass,Maëly,Scotsbrook
vbrissenden8z@istockphoto.com,dbrissenden8z,pass,Eugénie,Brissenden
jcumpsty90@tiny.cc,jcumpsty90,pass,Lorène,Cumpsty
iwalentynowicz91@aboutads.info,jwalentynowicz91,pass,Styrbjörn,Walentynowicz
hcasbourne92@furl.net,kcasbourne92,pass,Kù,Casbourne
agibbieson93@home.pl,jgibbieson93,pass,Méline,Gibbieson
dubsdell94@boston.com,subsdell94,pass,Véronique,Ubsdell
smunton95@jugem.jp,mmunton95,pass,Cléopatre,Munton
abartalini96@altervista.org,bbartalini96,pass,Crééz,Bartalini
jguswell97@nationalgeographic.com,lguswell97,pass,Mà,Guswell
cvarrow98@slate.com,gvarrow98,pass,Hélène,Varrow
lalderton99@webnode.com,nalderton99,pass,Rébecca,Alderton
lrontsch9a@jiathis.com,mrontsch9a,pass,Maëline,Rontsch
iwithur9b@engadget.com,bwithur9b,pass,Kuí,Withur
jpetera9c@epa.gov,tpetera9c,pass,Josée,Petera
apatmore9d@fda.gov,bpatmore9d,pass,Börje,Patmore
pyuryatin9e@aboutads.info,myuryatin9e,pass,Liè,Yuryatin
rshimwall9f@bbb.org,mshimwall9f,pass,Maëline,Shimwall
dlympenie9g@google.com.hk,alympenie9g,pass,Léa,Lympenie
odrain9h@ucsd.edu,ndrain9h,pass,Salomé,Drain
bquartley9i@yahoo.com,pquartley9i,pass,Méthode,Quartley
dbernade9j@pen.io,jbernade9j,pass,Magdalène,Bernade
azorzoni9k@hostgator.com,jzorzoni9k,pass,Géraldine,Zorzoni
bvitler9l@themeforest.net,bvitler9l,pass,Maïté,Vitler
nyusupov9m@shinystat.com,hyusupov9m,pass,Dà,Yusupov
crunciman9n@amazon.de,grunciman9n,pass,Noëlla,Runciman
mdumpleton9o@geocities.com,idumpleton9o,pass,Clémentine,Dumpleton
lgronaver9p@jiathis.com,agronaver9p,pass,Frédérique,Gronaver
sgather9q@sphinn.com,wgather9q,pass,Maëlle,Gather
mstanmer9r@lycos.com,astanmer9r,pass,Maëline,Stanmer
agiuroni9s@amazon.de,ggiuroni9s,pass,Eléonore,Giuroni
cparrot9t@acquirethisname.com,aparrot9t,pass,Mylène,Parrot
eridesdale9u@uol.com.br,lridesdale9u,pass,Josée,Ridesdale
aimore9v@webeden.co.uk,rimore9v,pass,Clélia,Imore
fmerrick9w@miitbeian.gov.cn,emerrick9w,pass,Vénus,Merrick
dbaxandall9x@etsy.com,gbaxandall9x,pass,Béatrice,Baxandall
jsnoden9y@mapy.cz,jsnoden9y,pass,Adèle,Snoden
qryton9z@xing.com,aryton9z,pass,Miléna,Ryton
zhuna0@google.nl,thuna0,pass,Anaëlle,Hun
sbirchalla1@weather.com,vbirchalla1,pass,Amélie,Birchall
mhawsa2@yandex.ru,dhawsa2,pass,Liè,Haws
edallyna3@ihg.com,sdallyna3,pass,Rachèle,Dallyn
fizkovitcha4@deliciousdays.com,nizkovitcha4,pass,Lén,Izkovitch
tgilhooleya5@cdc.gov,egilhooleya5,pass,Lauréna,Gilhooley
kstolbergera6@weibo.com,mstolbergera6,pass,Félicie,Stolberger
cburbanka7@theatlantic.com,aburbanka7,pass,Lài,Burbank
bjakela8@sohu.com,pjakela8,pass,Agnès,Jakel
fclarridgea9@i2i.jp,mclarridgea9,pass,Anaël,Clarridge
dbarstowaa@newyorker.com,sbarstowaa,pass,Séverine,Barstow
rfidoab@youtu.be,cfidoab,pass,Méryl,Fido
ciggoac@yandex.ru,diggoac,pass,Ruì,Iggo
vmcenhillad@mlb.com,emcenhillad,pass,Maëlle,McEnhill
awinbornae@photobucket.com,cwinbornae,pass,Réjane,Winborn
cfishlockaf@sogou.com,rfishlockaf,pass,Gérald,Fishlock
ganyeneag@ibm.com,eanyeneag,pass,Anaël,Anyene
voatleyah@tiny.cc,noatleyah,pass,Kù,Oatley
mjenningsai@nydailynews.com,fjenningsai,pass,Aí,Jennings
tsilvestonaj@typepad.com,hsilvestonaj,pass,Maëlle,Silveston
htrevonak@vimeo.com,etrevonak,pass,Intéressant,Trevon
mpietzkeral@google.pl,cpietzkeral,pass,Åslög,Pietzker
aslackam@wsj.com,rslackam,pass,Marie-josée,Slack
lmcpheatan@timesonline.co.uk,dmcpheatan,pass,Nuó,McPheat
sreevesao@csmonitor.com,creevesao,pass,Aimée,Reeves
mcastagnoneap@printfriendly.com,ccastagnoneap,pass,Méline,Castagnone
acrankaq@ed.gov,kcrankaq,pass,Liè,Crank
ehartellar@constantcontact.com,mhartellar,pass,Torbjörn,Hartell
flapthorneas@sciencedirect.com,alapthorneas,pass,Maëline,Lapthorne
rtidbaldat@icio.us,htidbaldat,pass,Jú,Tidbald
njancau@mozilla.com,njancau,pass,Judicaël,Janc
klytlleav@123-reg.co.uk,hlytlleav,pass,Mélodie,Lytlle
gbearfootaw@prnewswire.com,wbearfootaw,pass,Méghane,Bearfoot
gskateax@epa.gov,rskateax,pass,Maïwenn,Skate
vwyettay@ask.com,awyettay,pass,Loïc,Wyett
spaviouraz@booking.com,spaviouraz,pass,Yénora,Paviour
ngaunsonb0@freewebs.com,rgaunsonb0,pass,Hélène,Gaunson
bwalkleyb1@livejournal.com,ewalkleyb1,pass,Personnalisée,Walkley
jrenakb2@cnn.com,rrenakb2,pass,Åslög,Renak
cbeavorsb3@elegantthemes.com,pbeavorsb3,pass,Josée,Beavors
respinhob4@china.com.cn,mespinhob4,pass,Maïté,Espinho
dogianyb5@tinypic.com,kogianyb5,pass,Liè,O'Giany
gbausorb6@lulu.com,mbausorb6,pass,Eugénie,Bausor
lporcasb7@google.nl,jporcasb7,pass,Méghane,Porcas
croddanb8@cbslocal.com,oroddanb8,pass,Marie-noël,Roddan
jsewillb9@yandex.ru,asewillb9,pass,Måns,Sewill
hstopperba@economist.com,jstopperba,pass,Lèi,Stopper
ifrowenbb@reference.com,wfrowenbb,pass,Yáo,Frowen
dlambregtsbc@biblegateway.com,glambregtsbc,pass,Maëly,Lambregts
cdeftybd@stumbleupon.com,bdeftybd,pass,Audréanne,Defty
bfairebrotherbe@4shared.com,afairebrotherbe,pass,Léone,Fairebrother
eferronibf@hatena.ne.jp,cferronibf,pass,Göran,Ferroni
vgierckebg@omniture.com,egierckebg,pass,Bérangère,Giercke
mdudmarshbh@reverbnation.com,cdudmarshbh,pass,Mélys,Dudmarsh
dsearbi@histats.com,lsearbi,pass,Cécile,Sear
cgrigoryovbj@pen.io,mgrigoryovbj,pass,Réservés,Grigoryov
ngambiebk@harvard.edu,dgambiebk,pass,Kévina,Gambie
vpizerbl@hao123.com,jpizerbl,pass,Anaël,Pizer
fbalinebm@pagesperso-orange.fr,rbalinebm,pass,Angèle,Baline
hdinningtonbn@jiathis.com,adinningtonbn,pass,Lauréna,Dinnington
nhaslenbo@usnews.com,fhaslenbo,pass,Mégane,Haslen
ddickingsbp@etsy.com,ddickingsbp,pass,Maïwenn,Dickings
pdelacourtbq@psu.edu,jdelacourtbq,pass,Bénédicte,Delacourt
sjoubertbr@1und1.de,ijoubertbr,pass,Félicie,Joubert
skinceybs@a8.net,ekinceybs,pass,Méng,Kincey
mbrometbt@washington.edu,obrometbt,pass,Mélodie,Bromet
nbartoszewiczbu@pen.io,mbartoszewiczbu,pass,Björn,Bartoszewicz
vgresswellbv@bluehost.com,lgresswellbv,pass,Alizée,Gresswell
kkabischbw@imgur.com,rkabischbw,pass,Örjan,Kabisch
hwoodyerbx@discovery.com,bwoodyerbx,pass,Anaëlle,Woodyer
cdebiasioby@skyrock.com,adebiasioby,pass,Måns,De Biasio
jtedmanbz@reuters.com,atedmanbz,pass,Gaëlle,Tedman
mferrarc0@reuters.com,lferrarc0,pass,Dafnée,Ferrar
mlowthc1@macromedia.com,mlowthc1,pass,Stévina,Lowth
alafuentec2@ocn.ne.jp,mlafuentec2,pass,Ruò,Lafuente
lkunischc3@bravesites.com,bkunischc3,pass,Simplifiés,Kunisch
mrosengrenc4@sciencedaily.com,srosengrenc4,pass,Séverine,Rosengren
ndanielouc5@sohu.com,hdanielouc5,pass,Réservés,Danielou
eskeldingec6@whitehouse.gov,sskeldingec6,pass,Lén,Skeldinge
kmichellc7@twitter.com,amichellc7,pass,Aloïs,Michell
mdomenguec8@imdb.com,sdomenguec8,pass,Wá,Domengue
dwarbrickc9@amazon.de,rwarbrickc9,pass,Åsa,Warbrick
pcastelainca@elegantthemes.com,wcastelainca,pass,Edmée,Castelain
dfriecb@whitehouse.gov,sfriecb,pass,Gaétane,Frie
scaslettcc@tuttocitta.it,jcaslettcc,pass,Mà,Caslett
dwormscd@ed.gov,rwormscd,pass,Örjan,Worms
hturlandce@mapy.cz,aturlandce,pass,Börje,Turland
rpeplercf@moonfruit.com,rpeplercf,pass,André,Pepler
gtumiellicg@ed.gov,atumiellicg,pass,Réjane,Tumielli
sleffekch@cam.ac.uk,kleffekch,pass,Laurélie,Leffek
mmooganci@ifeng.com,pmooganci,pass,Stéphanie,Moogan
oscranchercj@gizmodo.com,sscranchercj,pass,Judicaël,Scrancher
dhogbourneck@naver.com,ehogbourneck,pass,Nadège,Hogbourne
mfluitcl@weather.com,gfluitcl,pass,Loïc,Fluit
fgrzegorekcm@nsw.gov.au,hgrzegorekcm,pass,Séréna,Grzegorek
kphillipcn@clickbank.net,hphillipcn,pass,Gwenaëlle,Phillip
tsustinco@artisteer.com,fsustinco,pass,Régine,Sustin
bcooplandcp@digg.com,ncooplandcp,pass,Séverine,Coopland
acrosthwaitecq@discovery.com,scrosthwaitecq,pass,Lén,Crosthwaite
tamsdencr@samsung.com,bamsdencr,pass,Annotée,Amsden
blangfieldcs@marketwatch.com,slangfieldcs,pass,Lèi,Langfield
bbursnellct@blogtalkradio.com,lbursnellct,pass,Vérane,Bursnell
ovelcu@answers.com,mvelcu,pass,Håkan,Vel
bmaragescv@networksolutions.com,lmaragescv,pass,Noémie,Marages
vennevercw@senate.gov,tennevercw,pass,Séverine,Ennever
cwildishcx@friendfeed.com,zwildishcx,pass,Vérane,Wildish
dcongramcy@toplist.cz,ccongramcy,pass,Loïc,Congram
zthickinscz@yale.edu,tthickinscz,pass,Edmée,Thickins
rbibeyd0@ucsd.edu,lbibeyd0,pass,Marie-françoise,Bibey
llottringtond1@phpbb.com,hlottringtond1,pass,Fèi,Lottrington
jrenfieldd2@google.es,lrenfieldd2,pass,Intéressant,Renfield
hhumbied3@tinyurl.com,mhumbied3,pass,Léane,Humbie
jmaccraed4@sbwire.com,smaccraed4,pass,Cinéma,Maccrae
jgossaged5@histats.com,ggossaged5,pass,Simplifiés,Gossage
tbeswetherickd6@e-recht24.de,abeswetherickd6,pass,Eléonore,Beswetherick
bmacallamd7@telegraph.co.uk,rmacallamd7,pass,Josée,Macallam
jpearcyd8@yellowpages.com,fpearcyd8,pass,Céline,Pearcy
amaxworthyd9@sciencedaily.com,hmaxworthyd9,pass,Estève,Maxworthy
mtempletonda@auda.org.au,stempletonda,pass,Örjan,Templeton
halmandb@usatoday.com,calmandb,pass,Lóng,Alman
mverillodc@trellian.com,averillodc,pass,Desirée,Verillo
bgoliglydd@twitter.com,dgoliglydd,pass,Nuó,Goligly
ailymanovde@sphinn.com,ailymanovde,pass,Thérèsa,Ilymanov
cburnselldf@amazon.de,eburnselldf,pass,Eliès,Burnsell
jcustdg@google.ru,hcustdg,pass,Valérie,Cust
rconstantinoudh@wisc.edu,kconstantinoudh,pass,Kuí,Constantinou
gkratesdi@storify.com,gkratesdi,pass,Yénora,Krates
jwylderdj@google.fr,lwylderdj,pass,Néhémie,Wylder
aworleydk@posterous.com,rworleydk,pass,Félicie,Worley
oproudlerdl@google.fr,pproudlerdl,pass,Clélia,Proudler
cstichalldm@state.gov,mstichalldm,pass,Mà,Stichall
afoydn@cdc.gov,rfoydn,pass,Agnès,Foy
ctichnerdo@prnewswire.com,jtichnerdo,pass,Illustrée,Tichner
amclanachandp@hp.com,tmclanachandp,pass,Mélissandre,McLanachan
shambribedq@washingtonpost.com,ghambribedq,pass,Lén,Hambribe
cbankerdr@livejournal.com,zbankerdr,pass,Mylène,Banker
sbentods@qq.com,cbentods,pass,Ráo,Bento
bmckalldt@paypal.com,kmckalldt,pass,Marylène,McKall
mearneydu@cargocollective.com,searneydu,pass,Océanne,Earney
mdahmkedv@nyu.edu,fdahmkedv,pass,Wá,Dahmke
cconboydw@github.io,dconboydw,pass,Magdalène,Conboy
rtisundx@tuttocitta.it,etisundx,pass,Táng,Tisun
rsiemonsdy@google.com.au,rsiemonsdy,pass,Clémentine,Siemons
afackrelldz@samsung.com,sfackrelldz,pass,Ruò,Fackrell
vmcelorye0@ucoz.ru,amcelorye0,pass,Maëlle,Mc Elory
syoudee1@skyrock.com,jyoudee1,pass,Marie-thérèse,Youde
mduftye2@lulu.com,sduftye2,pass,Gösta,Dufty
apattlee3@smugmug.com,lpattlee3,pass,Cécile,Pattle
rmasterse4@accuweather.com,cmasterse4,pass,Réservés,Masters
kbennitte5@fotki.com,kbennitte5,pass,Renée,Bennitt
fthickette6@linkedin.com,hthickette6,pass,Daphnée,Thickett
ebutcharte7@wordpress.com,dbutcharte7,pass,Cinéma,Butchart
jgreasere8@mozilla.com,pgreasere8,pass,Mén,Greaser
gwalklinge9@wisc.edu,wwalklinge9,pass,Chloé,Walkling
jcabellea@abc.net.au,ccabellea,pass,Dà,Cabell
rknatteb@telegraph.co.uk,kknatteb,pass,Mylène,Knatt
shurdec@eventbrite.com,hhurdec,pass,Clémence,Hurd
npheazeyed@berkeley.edu,mpheazeyed,pass,Lucrèce,Pheazey
amascallee@bbc.co.uk,fmascallee,pass,Félicie,Mascall
fpapierzef@google.it,bpapierzef,pass,Ruò,Papierz
rthackwrayeg@google.com.br,jthackwrayeg,pass,Aurélie,Thackwray
hvondryseh@wordpress.com,zvondryseh,pass,Styrbjörn,Vondrys
lkennermannei@wufoo.com,mkennermannei,pass,Méline,Kennermann
ipietruszkaej@4shared.com,rpietruszkaej,pass,Adélie,Pietruszka
dcaddanek@goo.ne.jp,dcaddanek,pass,Vénus,Caddan
fquayleel@e-recht24.de,mquayleel,pass,Clélia,Quayle
bgirkinem@omniture.com,hgirkinem,pass,Mahélie,Girkin
cvolanteen@japanpost.jp,mvolanteen,pass,Célia,Volante
phumpatcheo@nature.com,thumpatcheo,pass,Solène,Humpatch
aagdahlep@un.org,eagdahlep,pass,Göran,Agdahl
rgiddingseq@wunderground.com,kgiddingseq,pass,Eléa,Giddings
mlastyer@google.com,slastyer,pass,Clémentine,Lasty
mrosarioes@qq.com,lrosarioes,pass,Bérangère,Rosario
cdanielet@tinyurl.com,tdanielet,pass,Maïwenn,Daniel
ajaquineu@noaa.gov,hjaquineu,pass,Estée,Jaquin
slemonev@constantcontact.com,dlemonev,pass,Lorène,Lemon
dapfelew@dropbox.com,mapfelew,pass,Angélique,Apfel
mbingeex@ebay.com,jbingeex,pass,Edmée,Binge
rcurnokey@netlog.com,acurnokey,pass,Loïca,Curnok
hminchindenez@slate.com,sminchindenez,pass,Renée,Minchinden
lnoyef0@mlb.com,ynoyef0,pass,Laurène,Noye
ggunthorpef1@nih.gov,mgunthorpef1,pass,Publicité,Gunthorpe
jallabushf2@yellowbook.com,callabushf2,pass,Almérinda,Allabush
fdruettf3@comsenz.com,cdruettf3,pass,Mylène,Druett
agidneyf4@cmu.edu,lgidneyf4,pass,Solène,Gidney
acohanf5@twitpic.com,acohanf5,pass,Mahélie,Cohan
lcargonf6@washington.edu,jcargonf6,pass,Maëline,Cargon
rpandyaf7@shutterfly.com,fpandyaf7,pass,Mélia,Pandya
cshrigleyf8@mac.com,jshrigleyf8,pass,Angèle,Shrigley
dheuglef9@theglobeandmail.com,sheuglef9,pass,Sòng,Heugle
dkunertfa@home.pl,ekunertfa,pass,Renée,Kunert
hbownessfb@wufoo.com,gbownessfb,pass,Aimée,Bowness
abillaniefc@lycos.com,gbillaniefc,pass,Cécile,Billanie
mpavelfd@bbb.org,cpavelfd,pass,Pélagie,Pavel
dkreutzerfe@alibaba.com,gkreutzerfe,pass,Eléa,Kreutzer
waugusteff@webmd.com,eaugusteff,pass,Ruì,Auguste
dyoulesfg@nih.gov,fyoulesfg,pass,Clémence,Youles
cgoedefh@elegantthemes.com,rgoedefh,pass,Estève,Goede
askiltonfi@rediff.com,oskiltonfi,pass,Vénus,Skilton
sbutterworthfj@t.co,rbutterworthfj,pass,Yáo,Butterworth
mmccallamfk@imgur.com,imccallamfk,pass,Örjan,McCallam
cpauluschfl@wix.com,bpauluschfl,pass,Médiamass,Paulusch
vcosgravefm@accuweather.com,lcosgravefm,pass,Mélina,Cosgrave
yvideneevfn@ezinearticles.com,fvideneevfn,pass,Amélie,Videneev
jpigginfo@bbc.co.uk,lpigginfo,pass,Léana,Piggin
bvurleyfp@eventbrite.com,gvurleyfp,pass,Mélodie,Vurley
ublanshardfq@paypal.com,eblanshardfq,pass,Danièle,Blanshard
mgecksfr@myspace.com,ngecksfr,pass,Régine,Gecks
smartonfifs@typepad.com,dmartonfifs,pass,Åsa,Martonfi
cbirksft@accuweather.com,gbirksft,pass,Dà,Birks
lesbrookfu@weebly.com,mesbrookfu,pass,Yè,Esbrook
rklemenzfv@mit.edu,cklemenzfv,pass,Alizée,Klemenz
llinnfw@dell.com,tlinnfw,pass,Almérinda,Linn
tgrimmettfx@hud.gov,mgrimmettfx,pass,Rébecca,Grimmett
fcromleholmefy@opensource.org,acromleholmefy,pass,Cloé,Cromleholme
agrisedalefz@hexun.com,vgrisedalefz,pass,Inès,Grisedale
gwigsellg0@ucla.edu,lwigsellg0,pass,Yóu,Wigsell
hvanyg1@mysql.com,kvanyg1,pass,Edmée,Vany
daparkg2@csmonitor.com,caparkg2,pass,Faîtes,Apark
bgeneseg3@apple.com,rgeneseg3,pass,Dù,Genese
rblondelleg4@joomla.org,wblondelleg4,pass,Göran,Blondelle
mgurryg5@miibeian.gov.cn,lgurryg5,pass,Valérie,Gurry
abiermang6@google.es,mbiermang6,pass,Inès,Bierman
crussang7@google.ru,jrussang7,pass,Maëlyss,Russan
wandrig8@dot.gov,aandrig8,pass,Eliès,Andri
smaffioneg9@comcast.net,amaffioneg9,pass,Yú,Maffione
narnautga@cisco.com,farnautga,pass,Crééz,Arnaut
hrosenwaldgb@howstuffworks.com,crosenwaldgb,pass,Zhì,Rosenwald
omacneilleygc@imgur.com,cmacneilleygc,pass,Valérie,MacNeilley
mrowatgd@ucsd.edu,arowatgd,pass,Uò,Rowat
bvictorge@twitter.com,lvictorge,pass,Géraldine,Victor
cmarriottgf@pen.io,fmarriottgf,pass,Cécile,Marriott
mdecourtgg@wix.com,sdecourtgg,pass,Marylène,Decourt
enappergh@businesswire.com,cnappergh,pass,Östen,Napper
cwoolhamgi@artisteer.com,lwoolhamgi,pass,Anaé,Woolham
llydiattgj@trellian.com,alydiattgj,pass,Loïca,Lydiatt
cgregsgk@themeforest.net,egregsgk,pass,Zoé,Gregs
ieroniegl@washington.edu,reroniegl,pass,Françoise,Eronie
vpantergm@shutterfly.com,kpantergm,pass,Andréanne,Panter
jmyttongn@mtv.com,dmyttongn,pass,Tú,Mytton
dfoordgo@exblog.jp,pfoordgo,pass,Laurène,Foord
clegatgp@yandex.ru,blegatgp,pass,Estée,Legat
ecuninghamgq@altervista.org,mcuninghamgq,pass,Mélys,Cuningham
fgaynsfordgr@i2i.jp,kgaynsfordgr,pass,Béatrice,Gaynsford
ssewillgs@fastcompany.com,asewillgs,pass,Michèle,Sewill
efortegt@i2i.jp,bfortegt,pass,Dù,Forte
hvintgu@myspace.com,svintgu,pass,Anaïs,Vint
eassadgv@google.fr,bassadgv,pass,Marlène,Assad
aedsongw@examiner.com,aedsongw,pass,Mélia,Edson
mheakergx@unblog.fr,mheakergx,pass,Bérengère,Heaker
mheartygy@virginia.edu,rheartygy,pass,Pélagie,Hearty
dkleingrubgz@php.net,jkleingrubgz,pass,Lóng,Kleingrub
amarioneauh0@discuz.net,fmarioneauh0,pass,Nélie,Marioneau
djanneyh1@privacy.gov.au,hjanneyh1,pass,Michèle,Janney
sbaumlerh2@sphinn.com,pbaumlerh2,pass,Lóng,Baumler
klustedh3@symantec.com,jlustedh3,pass,Jú,Lusted
vsterndaleh4@independent.co.uk,asterndaleh4,pass,Cinéma,Sterndale
nmastersonh5@washington.edu,rmastersonh5,pass,Fèi,Masterson
dyurocjhinh6@nps.gov,syurocjhinh6,pass,Miléna,Yurocjhin
cnajarah7@people.com.cn,tnajarah7,pass,Maïwenn,Najara
rmacalisterh8@ca.gov,kmacalisterh8,pass,Maëlann,MacAlister
jgarlanth9@moonfruit.com,jgarlanth9,pass,Illustrée,Garlant
tfidgeonha@cargocollective.com,gfidgeonha,pass,Laurélie,Fidgeon
sevetthb@bigcartel.com,fevetthb,pass,Magdalène,Evett
atuffreyhc@nifty.com,rtuffreyhc,pass,Loïc,Tuffrey
dbaylishd@elegantthemes.com,cbaylishd,pass,Maëlys,Baylis
cgoeringhe@senate.gov,rgoeringhe,pass,Görel,Goering
amunginhf@angelfire.com,mmunginhf,pass,Inès,Mungin
gkubatschhg@techcrunch.com,bkubatschhg,pass,Léa,Kubatsch
mdillingstonehh@tinypic.com,jdillingstonehh,pass,Andréanne,Dillingstone
lbawmehi@google.de,jbawmehi,pass,Loïc,Bawme
fbaldinghj@freewebs.com,ebaldinghj,pass,Publicité,Balding
mlattoshk@goo.gl,glattoshk,pass,Naéva,Lattos
rphilipshl@com.com,ephilipshl,pass,Tán,Philips
crhoadeshm@cnet.com,rrhoadeshm,pass,Yóu,Rhoades
jlindenboimhn@xrea.com,jlindenboimhn,pass,Athéna,Lindenboim
bsannesho@sphinn.com,msannesho,pass,Eugénie,Sannes
gphelpshp@mac.com,dphelpshp,pass,Maëlys,Phelps
sgrzeskowskihq@ehow.com,cgrzeskowskihq,pass,Bécassine,Grzeskowski
bbortolinihr@sina.com.cn,cbortolinihr,pass,Intéressant,Bortolini
gselwoodhs@cmu.edu,aselwoodhs,pass,Annotée,Selwood
gbisacreht@wordpress.org,bbisacreht,pass,Tán,Bisacre
aomandhu@smugmug.com,gomandhu,pass,Andréa,Omand
sbresmanhv@nps.gov,kbresmanhv,pass,Frédérique,Bresman
bgerberhw@blogtalkradio.com,kgerberhw,pass,Esbjörn,Gerber
aconboyhx@pagesperso-orange.fr,aconboyhx,pass,Irène,Conboy
lnorwoodhy@businessinsider.com,knorwoodhy,pass,Åsa,Norwood
acharrissonhz@etsy.com,ncharrissonhz,pass,Nadège,Charrisson
bhenkmanni0@naver.com,jhenkmanni0,pass,Mélina,Henkmann
theavyi1@google.co.jp,oheavyi1,pass,Björn,Heavy
niletti2@taobao.com,hiletti2,pass,Maïwenn,Ilett
vginnelli3@ask.com,dginnelli3,pass,Solène,Ginnell
eferneleyi4@livejournal.com,kferneleyi4,pass,Méng,Ferneley
cruslini5@netlog.com,wruslini5,pass,Bérangère,Ruslin
dvaszolyi6@upenn.edu,gvaszolyi6,pass,Ruò,Vaszoly
lhawlgarthi7@miitbeian.gov.cn,chawlgarthi7,pass,Maëline,Hawlgarth
gitzakovitzi8@cisco.com,gitzakovitzi8,pass,Mårten,Itzakovitz
dstammirsi9@npr.org,istammirsi9,pass,Almérinda,Stammirs
ahegartyia@webnode.com,ihegartyia,pass,Dafnée,Hegarty
vbrockleyib@ed.gov,cbrockleyib,pass,Maëly,Brockley
kvanbrughic@t.co,cvanbrughic,pass,Judicaël,VanBrugh
gdaoustid@examiner.com,edaoustid,pass,Séverine,Daoust
lerrichielloie@hc360.com,kerrichielloie,pass,Daphnée,Errichiello
bsnowif@cyberchimps.com,dsnowif,pass,Valérie,Snow
ffotittig@bluehost.com,afotittig,pass,Miléna,Fotitt
mbardsleyih@icio.us,sbardsleyih,pass,Intéressant,Bardsley
glivseyii@quantcast.com,slivseyii,pass,Yénora,Livsey
tfallowsij@spiegel.de,jfallowsij,pass,Bérangère,Fallows
nmccarterik@live.com,amccarterik,pass,Stéphanie,McCarter
yjeanonil@yahoo.co.jp,mjeanonil,pass,Mélys,Jeanon
ckavanaghim@tripod.com,lkavanaghim,pass,Mylène,Kavanagh
bmiallin@odnoklassniki.ru,wmiallin,pass,Ruò,Miall
ibridgewoodio@purevolume.com,cbridgewoodio,pass,Maïlis,Bridgewood
rbabbeip@guardian.co.uk,hbabbeip,pass,Mélodie,Babbe
lgoskeriq@altervista.org,ggoskeriq,pass,Camélia,Gosker
yalbroir@amazon.co.jp,calbroir,pass,Félicie,Albro
kcordaroyis@seesaa.net,gcordaroyis,pass,Naéva,Cordaroy
ggarrowit@over-blog.com,tgarrowit,pass,Cloé,Garrow
nquittondeniu@opera.com,dquittondeniu,pass,Michèle,Quittonden
lstrydeiv@freewebs.com,hstrydeiv,pass,Marie-françoise,Stryde
dgrinhamiw@imageshack.us,fgrinhamiw,pass,Loïca,Grinham
hthickettix@google.cn,athickettix,pass,Maëly,Thickett
csantarelliiy@alibaba.com,vsantarelliiy,pass,Miléna,Santarelli
mtyrieiz@google.pl,atyrieiz,pass,Léonore,Tyrie
gwastlingj0@shinystat.com,nwastlingj0,pass,Naëlle,Wastling
goneillj1@nhs.uk,roneillj1,pass,Stéphanie,O'Neill
sseedsj2@elpais.com,rseedsj2,pass,Léone,Seeds
mbourgaizej3@163.com,mbourgaizej3,pass,Dafnée,Bourgaize
ainderj4@bravesites.com,cinderj4,pass,Fèi,Inder
gmiallj5@unblog.fr,tmiallj5,pass,Thérèsa,Miall
blukehurstj6@dell.com,llukehurstj6,pass,Andrée,Lukehurst
jcoattsj7@geocities.com,dcoattsj7,pass,Maëlys,Coatts
efrancesconej8@yellowpages.com,afrancesconej8,pass,Clémentine,Francescone
iglanvillej9@dmoz.org,rglanvillej9,pass,Séréna,Glanville
kwetternja@symantec.com,ewetternja,pass,Vénus,Wettern
mhynardjb@ucoz.com,hhynardjb,pass,Hélène,Hynard
gspillardjc@wired.com,rspillardjc,pass,Médiamass,Spillard
jsprucejd@over-blog.com,asprucejd,pass,Lài,Spruce
rbertwistleje@phpbb.com,qbertwistleje,pass,Åke,Bertwistle
kzinijf@princeton.edu,kzinijf,pass,Béatrice,Zini
iphythianjg@cornell.edu,gphythianjg,pass,Léana,Phythian
lsaveryjh@xrea.com,ksaveryjh,pass,Marie-françoise,Savery
mpopleji@yale.edu,rpopleji,pass,Marie-josée,Pople
skingswoodjj@sohu.com,mkingswoodjj,pass,Garçon,Kingswood
sspearsjk@cloudflare.com,kspearsjk,pass,Solène,Spears
adjordjevicjl@psu.edu,edjordjevicjl,pass,Åslög,Djordjevic
pdudgeonjm@xing.com,jdudgeonjm,pass,Mélia,Dudgeon
smasseojn@china.com.cn,jmasseojn,pass,Angèle,Masseo
abendejo@latimes.com,mbendejo,pass,Ruò,Bende
klangthornjp@hostgator.com,llangthornjp,pass,Faîtes,Langthorn
tdadyjq@chron.com,udadyjq,pass,Geneviève,Dady
ecotmorejr@japanpost.jp,icotmorejr,pass,Ophélie,Cotmore
creederjs@businessweek.com,breederjs,pass,Eléonore,Reeder
ustillertjt@so-net.ne.jp,mstillertjt,pass,Dà,Stillert
dmatzkaitisju@wiley.com,zmatzkaitisju,pass,Gaétane,Matzkaitis
cbeechamjv@hhs.gov,abeechamjv,pass,Torbjörn,Beecham
ewetherilljw@vistaprint.com,iwetherilljw,pass,Cléopatre,Wetherill
falbonjx@accuweather.com,palbonjx,pass,Maëlla,Albon
kpringourjy@ihg.com,wpringourjy,pass,Maëly,Pringour
otrivettjz@wunderground.com,dtrivettjz,pass,Måns,Trivett
myoellk0@mapquest.com,byoellk0,pass,Félicie,Yoell
rferiak1@ucla.edu,aferiak1,pass,Märta,Feria
pdentonk2@adobe.com,edentonk2,pass,Valérie,Denton
nteasellk3@mit.edu,dteasellk3,pass,Cloé,Teasell
dpottiek4@mozilla.org,apottiek4,pass,Måns,Pottie
bmaskewk5@alexa.com,tmaskewk5,pass,Kallisté,Maskew
nskirvanek6@wikispaces.com,askirvanek6,pass,Renée,Skirvane
lcoalbrank7@free.fr,acoalbrank7,pass,Maïwenn,Coalbran
ebantingk8@w3.org,dbantingk8,pass,Amélie,Banting
sraysk9@fema.gov,craysk9,pass,Börje,Rays
mmacliceka@europa.eu,omacliceka,pass,Rachèle,MacLice
tboddamkb@webmd.com,tboddamkb,pass,Clélia,Boddam
rheiglkc@freewebs.com,lheiglkc,pass,Måns,Heigl
mburgiskd@opensource.org,jburgiskd,pass,Angèle,Burgis
cschelligke@wikispaces.com,cschelligke,pass,Clémence,Schellig
khousamkf@studiopress.com,dhousamkf,pass,Liè,Housam
sdicarlikg@feedburner.com,sdicarlikg,pass,Magdalène,Di Carli
jmcquiltykh@indiatimes.com,zmcquiltykh,pass,Mélinda,McQuilty
rhamki@upenn.edu,yhamki,pass,Bérengère,Ham
mcomfordkj@creativecommons.org,ecomfordkj,pass,Félicie,Comford
csmalemankk@booking.com,esmalemankk,pass,Valérie,Smaleman
tclarkinkl@imageshack.us,kclarkinkl,pass,Lorène,Clarkin
madamieckm@imdb.com,ladamieckm,pass,Néhémie,Adamiec
iewingtonkn@huffingtonpost.com,gewingtonkn,pass,Gaétane,Ewington
eclayalko@spotify.com,lclayalko,pass,Camélia,Clayal
gwhetnellkp@state.gov,pwhetnellkp,pass,Lorène,Whetnell
imcbrierkq@tuttocitta.it,emcbrierkq,pass,Estève,McBrier
nmalekkr@apple.com,cmalekkr,pass,Daphnée,Malek
nwigglesworthks@woothemes.com,swigglesworthks,pass,Maïly,Wigglesworth
mbreetonkt@hatena.ne.jp,kbreetonkt,pass,Aimée,Breeton
bcanavanku@lulu.com,ucanavanku,pass,Mélina,Canavan
vhamblynkv@desdev.cn,bhamblynkv,pass,Léonie,Hamblyn
aspurlingkw@wikispaces.com,bspurlingkw,pass,Göran,Spurling
nrosbottomkx@umich.edu,mrosbottomkx,pass,Vérane,Rosbottom
ypannerky@sina.com.cn,npannerky,pass,Thérèse,Panner
tsherynkz@nbcnews.com,jsherynkz,pass,Béatrice,Sheryn
bruslenl0@google.com.hk,mruslenl0,pass,Régine,Ruslen
rdebischopl1@nsw.gov.au,bdebischopl1,pass,Anaël,De Bischop
pwoodroofl2@hostgator.com,mwoodroofl2,pass,Marie-hélène,Woodroof
ibyl3@tmall.com,abyl3,pass,Bérénice,By
lguestel4@sbwire.com,nguestel4,pass,Gösta,Gueste
cbrunetl5@pinterest.com,pbrunetl5,pass,Pò,Brunet
rrushforthl6@unicef.org,mrushforthl6,pass,Örjan,Rushforth
mdomleol7@meetup.com,ldomleol7,pass,Laïla,Domleo
saxworthyl8@webmd.com,daxworthyl8,pass,Cléa,Axworthy
slowndsboroughl9@php.net,alowndsboroughl9,pass,Alizée,Lowndsborough
smuggeridgela@blogspot.com,nmuggeridgela,pass,Cécilia,Muggeridge
pcrowchelb@earthlink.net,lcrowchelb,pass,Annotés,Crowche
haleswelllc@xrea.com,saleswelllc,pass,Adélie,Aleswell
ljoutapaviciusld@psu.edu,pjoutapaviciusld,pass,Marie-noël,Joutapavicius
mshackelle@loc.gov,rshackelle,pass,Styrbjörn,Shackel
mdupreylf@blogger.com,kdupreylf,pass,Hélèna,Duprey
rashpolelg@geocities.jp,aashpolelg,pass,Måns,Ashpole
pbinfordlh@imdb.com,cbinfordlh,pass,Vérane,Binford
qtwohigli@alibaba.com,stwohigli,pass,Pål,Twohig
averdunlj@hatena.ne.jp,lverdunlj,pass,Simplifiés,Verdun
ldurbanlk@uiuc.edu,mdurbanlk,pass,Gaïa,Durban
jalsterll@businessinsider.com,lalsterll,pass,Cléopatre,Alster
amapstonelm@yellowbook.com,mmapstonelm,pass,Börje,Mapstone
fcurnerln@microsoft.com,mcurnerln,pass,Méryl,Curner
kbarenselo@aboutads.info,nbarenselo,pass,Josée,Barense
mhamberslp@google.fr,mhamberslp,pass,Torbjörn,Hambers
sgerrenslq@sfgate.com,dgerrenslq,pass,Judicaël,Gerrens
jkneeshalr@va.gov,lkneeshalr,pass,Bénédicte,Kneesha
grasels@e-recht24.de,arasels,pass,Cécile,Rase
cmckimmielt@columbia.edu,rmckimmielt,pass,Léone,McKimmie
cdallowlu@aboutads.info,ldallowlu,pass,Kévina,Dallow
sramsierlv@archive.org,sramsierlv,pass,Eloïse,Ramsier
fsallarielw@ifeng.com,lsallarielw,pass,Léonie,Sallarie
smoncklx@google.de,amoncklx,pass,Mén,Monck
gnewlandsly@google.de,mnewlandsly,pass,Håkan,Newlands
lstartlz@washingtonpost.com,istartlz,pass,Valérie,Start
derdelym0@google.co.uk,serdelym0,pass,Noëlla,Erdely
rrenonm1@livejournal.com,arenonm1,pass,Adélie,Renon
nulsterm2@columbia.edu,sulsterm2,pass,Célia,Ulster
bgarralsm3@fastcompany.com,mgarralsm3,pass,Jú,Garrals
mcrippsm4@mlb.com,tcrippsm4,pass,Laïla,Cripps
lhynardm5@google.pl,lhynardm5,pass,Nélie,Hynard
sshilvockm6@google.com.hk,kshilvockm6,pass,Östen,Shilvock
gfardym7@slashdot.org,cfardym7,pass,Eléonore,Fardy
lpriorm8@hp.com,lpriorm8,pass,Nuó,Prior
sstichelm9@icq.com,estichelm9,pass,Zhì,Stichel
lfeasbyma@symantec.com,dfeasbyma,pass,Léa,Feasby
odinanmb@hp.com,cdinanmb,pass,Annotés,Dinan
galpmc@meetup.com,ialpmc,pass,Kallisté,Alp
mblaymiresmd@wunderground.com,qblaymiresmd,pass,Agnès,Blaymires
aclaireme@whitehouse.gov,sclaireme,pass,Laïla,Claire
cdowningmf@hexun.com,mdowningmf,pass,Nadège,Downing
iscrynemg@umn.edu,mscrynemg,pass,Edmée,Scryne
marnsonmh@twitpic.com,darnsonmh,pass,Adèle,Arnson
mchaperlingmi@bbb.org,gchaperlingmi,pass,Maëline,Chaperling
bubsdalemj@naver.com,cubsdalemj,pass,Marie-noël,Ubsdale
vphipsonmk@freewebs.com,lphipsonmk,pass,Torbjörn,Phipson
rmacgovernml@businesswire.com,amacgovernml,pass,Adélie,MacGovern
fskirvinmm@amazon.co.jp,gskirvinmm,pass,Lucrèce,Skirvin
rcoburnmn@disqus.com,mcoburnmn,pass,Véronique,Coburn
ashambrokemo@bbb.org,dshambrokemo,pass,Magdalène,Shambroke
lgiermp@moonfruit.com,bgiermp,pass,Aimée,Gier
mbateripmq@jiathis.com,mbateripmq,pass,Kù,Baterip
cinwoodmr@dailymotion.com,tinwoodmr,pass,Médiamass,Inwood
emageems@wikia.com,bmageems,pass,Maéna,Magee
pgynnemt@mediafire.com,ngynnemt,pass,Åsa,Gynne
crubinchikmu@360.cn,wrubinchikmu,pass,Cléopatre,Rubinchik
mtuckermv@photobucket.com,btuckermv,pass,Ophélie,Tucker
dsabbatiermw@google.pl,ksabbatiermw,pass,Léonore,Sabbatier
rhucklebymx@xing.com,ehucklebymx,pass,Sòng,Huckleby
pcosbeemy@nyu.edu,ocosbeemy,pass,Eloïse,Cosbee
bpeersmz@printfriendly.com,speersmz,pass,Aimée,Peers
jbagleyn0@businesswire.com,sbagleyn0,pass,Erwéi,Bagley
cbebisn1@yandex.ru,cbebisn1,pass,Pò,Bebis
eabramovicin2@nsw.gov.au,dabramovicin2,pass,Michèle,Abramovici
omontiern3@seattletimes.com,fmontiern3,pass,Märta,Montier
uoshesnann4@ted.com,doshesnann4,pass,Frédérique,O'Shesnan
eabberleyn5@economist.com,sabberleyn5,pass,Marie-hélène,Abberley
lburrellsn6@cafepress.com,cburrellsn6,pass,Judicaël,Burrells
bconellyn7@zdnet.com,bconellyn7,pass,Gaëlle,Conelly
uhuddartn8@clickbank.net,ghuddartn8,pass,Félicie,Huddart
zbrychann9@ustream.tv,hbrychann9,pass,Håkan,Brychan
treginana@joomla.org,jreginana,pass,Lucrèce,Regina
caimablenb@berkeley.edu,jaimablenb,pass,Aimée,Aimable
dcaigernc@shop-pro.jp,pcaigernc,pass,Maëlla,Caiger
lklugmannd@oracle.com,jklugmannd,pass,Amélie,Klugman
hgeryne@furl.net,hgeryne,pass,Renée,Gery
dmineghellinf@netscape.com,bmineghellinf,pass,Athéna,Mineghelli
ehallmarkng@ucla.edu,jhallmarkng,pass,Adélaïde,Hallmark
efowlienh@google.ca,cfowlienh,pass,Bérengère,Fowlie
acromieni@sina.com.cn,pcromieni,pass,Geneviève,Cromie
dsurmonnj@jalbum.net,tsurmonnj,pass,Fèi,Surmon
bruffnk@tinypic.com,cruffnk,pass,Marie-noël,Ruff
gfernenl@usatoday.com,jfernenl,pass,Maïlys,Ferne
twaisonnm@booking.com,gwaisonnm,pass,Pélagie,Waison
tglynnn@123-reg.co.uk,gglynnn,pass,Cunégonde,Glyn
kbranwhiteno@state.tx.us,tbranwhiteno,pass,Camélia,Branwhite
rbeckittnp@a8.net,sbeckittnp,pass,Desirée,Beckitt
jlevenq@arizona.edu,zlevenq,pass,Joséphine,Leve
vouvernr@networksolutions.com,louvernr,pass,Stévina,Ouver
kwinsparns@g.co,swinsparns,pass,Lén,Winspar
tdenerleynt@wikimedia.org,ldenerleynt,pass,Méthode,Denerley
gadelmannu@pbs.org,radelmannu,pass,Eugénie,Adelman
ieckhnv@google.ru,teckhnv,pass,Séréna,Eckh
jwrightimnw@typepad.com,cwrightimnw,pass,Aloïs,Wrightim
mkarppinx@army.mil,bkarppinx,pass,Hélèna,Karppi
oearwakerny@ovh.net,aearwakerny,pass,Håkan,Earwaker
lzimmernz@answers.com,azimmernz,pass,Aurélie,Zimmer
bschucko0@studiopress.com,eschucko0,pass,Östen,Schuck
fdomonio1@aol.com,pdomonio1,pass,Almérinda,Domoni
relbyo2@dedecms.com,helbyo2,pass,Bérénice,Elby
jjarmyno3@telegraph.co.uk,bjarmyno3,pass,Eloïse,Jarmyn
adeniso4@cloudflare.com,ndeniso4,pass,Kuí,Denis
rmatthaio5@scribd.com,mmatthaio5,pass,Maëlyss,Matthai
ctucknotto6@google.com.hk,gtucknotto6,pass,Håkan,Tucknott
mclewso7@deviantart.com,dclewso7,pass,Kuí,Clews
nblankauo8@jalbum.net,hblankauo8,pass,Sòng,Blankau
alandalo9@google.fr,blandalo9,pass,Régine,Landal
amathwenoa@accuweather.com,emathwenoa,pass,Angélique,Mathwen
dgrushinob@theatlantic.com,cgrushinob,pass,Pò,Grushin
nkincadeoc@cdbaby.com,rkincadeoc,pass,Béatrice,Kincade
dliggonsod@google.pl,jliggonsod,pass,Loïc,Liggons
jrolfeoe@zimbio.com,rrolfeoe,pass,Laïla,Rolfe
bperriof@linkedin.com,rperriof,pass,Nélie,Perri
sgiacoboniog@discovery.com,dgiacoboniog,pass,Göran,Giacoboni
ngrewoh@phpbb.com,mgrewoh,pass,Clélia,Grew
drouffoi@people.com.cn,frouffoi,pass,Inès,Rouff
hdownhamoj@ca.gov,gdownhamoj,pass,Andréanne,Downham
yessameok@wikia.com,messameok,pass,Médiamass,Essame
fwalwoodol@guardian.co.uk,iwalwoodol,pass,Maëlle,Walwood
bgunthorpeom@ask.com,mgunthorpeom,pass,Cléopatre,Gunthorpe
gtidboldon@pinterest.com,rtidboldon,pass,Gösta,Tidbold
bmakiveroo@auda.org.au,kmakiveroo,pass,Sòng,Makiver
amosdillop@springer.com,gmosdillop,pass,Clémentine,Mosdill
dgrimstonoq@blogs.com,ogrimstonoq,pass,Lyséa,Grimston
tbygroveor@independent.co.uk,bbygroveor,pass,Crééz,Bygrove
ymartelloos@japanpost.jp,amartelloos,pass,Dafnée,Martello
imulfordot@alibaba.com,jmulfordot,pass,Marylène,Mulford
ejeffryesou@craigslist.org,ajeffryesou,pass,Naéva,Jeffryes
skindonov@geocities.com,tkindonov,pass,Réjane,Kindon
dmacgibbonow@about.me,vmacgibbonow,pass,Ophélie,MacGibbon
awhitlamox@istockphoto.com,ewhitlamox,pass,Maëlle,Whitlam
khartleoy@ftc.gov,whartleoy,pass,Marie-ève,Hartle
dbenasikoz@trellian.com,dbenasikoz,pass,Océanne,Benasik
spedleyp0@addtoany.com,epedleyp0,pass,Yénora,Pedley
jstowtep1@dropbox.com,jstowtep1,pass,Annotés,Stowte
droulstonp2@noaa.gov,croulstonp2,pass,Naëlle,Roulston
agorstidgep3@ucoz.ru,bgorstidgep3,pass,Léa,Gorstidge
emosconep4@topsy.com,cmosconep4,pass,Léone,Moscone
cmacgauhyp5@ycombinator.com,lmacgauhyp5,pass,Mahélie,MacGauhy
dmellemp6@infoseek.co.jp,amellemp6,pass,Bécassine,Mellem
troyallp7@acquirethisname.com,droyallp7,pass,Eloïse,Royall
jpeakerp8@state.tx.us,apeakerp8,pass,Andréanne,Peaker
cdiamantp9@mit.edu,adiamantp9,pass,Nuó,Diamant
utuckermanpa@apache.org,ctuckermanpa,pass,Nuó,Tuckerman
acarnellpb@live.com,kcarnellpb,pass,Marie-françoise,Carnell
pashfordpc@narod.ru,aashfordpc,pass,Frédérique,Ashford
cjacksonpd@tripod.com,sjacksonpd,pass,Yénora,Jackson
bbrokenshirepe@tumblr.com,sbrokenshirepe,pass,Aloïs,Brokenshire
sstudeartpf@nyu.edu,dstudeartpf,pass,Östen,Studeart
zderbyshirepg@theglobeandmail.com,vderbyshirepg,pass,Adélaïde,Derbyshire
jlayph@stumbleupon.com,clayph,pass,Valérie,Lay
acresserpi@nymag.com,gcresserpi,pass,Dorothée,Cresser
fguerolapj@sciencedaily.com,gguerolapj,pass,Lèi,Guerola
plaffertypk@amazon.co.jp,mlaffertypk,pass,Aí,Lafferty
hberntpl@va.gov,vberntpl,pass,Régine,Bernt
mfalconerpm@addtoany.com,hfalconerpm,pass,Mà,Falconer
pscapelhornpn@nba.com,dscapelhornpn,pass,Réservés,Scapelhorn
lstrutepo@acquirethisname.com,zstrutepo,pass,Stéphanie,Strute
ndunderdalepp@squarespace.com,jdunderdalepp,pass,Bécassine,Dunderdale
handrockpq@indiatimes.com,candrockpq,pass,Loïca,Androck
eglassardpr@seesaa.net,lglassardpr,pass,Clélia,Glassard
lbourdisps@addtoany.com,mbourdisps,pass,Lèi,Bourdis
kpriddeypt@infoseek.co.jp,wpriddeypt,pass,Cécilia,Priddey
ctrevonpu@globo.com,jtrevonpu,pass,Göran,Trevon
aspaicepv@columbia.edu,espaicepv,pass,Torbjörn,Spaice
tcluneypw@google.ru,tcluneypw,pass,Esbjörn,Cluney
tbracknellpx@mashable.com,cbracknellpx,pass,Laurélie,Bracknell
nmartellopy@mapy.cz,emartellopy,pass,Annotés,Martello
rjenningspz@macromedia.com,ljenningspz,pass,Maïlis,Jennings
dpetegrewq0@who.int,cpetegrewq0,pass,Liè,Petegrew
veddollsq1@studiopress.com,ieddollsq1,pass,Marie-josée,Eddolls
grapperq2@reuters.com,arapperq2,pass,Océane,Rapper
raspinalq3@nydailynews.com,raspinalq3,pass,Chloé,Aspinal
mdockeryq4@mlb.com,adockeryq4,pass,Styrbjörn,Dockery
hbennisq5@sitemeter.com,mbennisq5,pass,Chloé,Bennis
dmarchisoq6@bbb.org,emarchisoq6,pass,Mà,Marchiso
ttampinq7@flavors.me,jtampinq7,pass,Nadège,Tampin
abentallq8@pbs.org,tbentallq8,pass,Ráo,Bentall
hdurbynq9@vk.com,adurbynq9,pass,Solène,Durbyn
ispearesqa@google.fr,tspearesqa,pass,Edmée,Speares
asommerlingqb@ftc.gov,rsommerlingqb,pass,Erwéi,Sommerling
apallentqc@spiegel.de,kpallentqc,pass,Mélina,Pallent
gbrimblecombqd@time.com,sbrimblecombqd,pass,Lóng,Brimblecomb
mtwattqe@businesswire.com,ttwattqe,pass,Andréa,Twatt
ldunmuirqf@techcrunch.com,mdunmuirqf,pass,Yú,Dunmuir
ggrimsleyqg@home.pl,mgrimsleyqg,pass,Béatrice,Grimsley
bpiggremqh@spotify.com,apiggremqh,pass,Pénélope,Piggrem
prosenhausqi@geocities.com,crosenhausqi,pass,Marie-ève,Rosenhaus
fdurdyqj@photobucket.com,pdurdyqj,pass,Léane,Durdy
ganandqk@sciencedirect.com,janandqk,pass,Maëlyss,Anand
reastridgeql@bravesites.com,eeastridgeql,pass,Lài,Eastridge
fvellacottqm@army.mil,ivellacottqm,pass,Mélanie,Vellacott
kbaurerichqn@nytimes.com,gbaurerichqn,pass,Françoise,Baurerich
akenwortheyqo@dedecms.com,skenwortheyqo,pass,Irène,Kenworthey
bdoigeqp@blogtalkradio.com,jdoigeqp,pass,Cloé,Doige
bfelderqq@sitemeter.com,bfelderqq,pass,Adèle,Felder
ejuliffqr@nasa.gov,bjuliffqr,pass,Michèle,Juliff
jcarlissoqs@tiny.cc,bcarlissoqs,pass,Rébecca,Carlisso
cscortonqt@netscape.com,lscortonqt,pass,Fèi,Scorton
mmatysiakqu@boston.com,lmatysiakqu,pass,Fèi,Matysiak
lgreenroadqv@plala.or.jp,tgreenroadqv,pass,Angélique,Greenroad
mboullerqw@themeforest.net,mboullerqw,pass,Yú,Bouller
gpowlesqx@rakuten.co.jp,tpowlesqx,pass,Naëlle,Powles
jdargueqy@china.com.cn,edargueqy,pass,Åsa,Dargue
bhellmoreqz@webs.com,jhellmoreqz,pass,Angélique,Hellmore
aohalleghaner0@ftc.gov,hohalleghaner0,pass,Françoise,O'Halleghane
tmcbayr1@reuters.com,dmcbayr1,pass,Loïs,McBay
rdriussir2@twitter.com,sdriussir2,pass,Andréanne,Driussi
aeyckelbergr3@lulu.com,reyckelbergr3,pass,Camélia,Eyckelberg
pbrancher4@about.com,dbrancher4,pass,Mégane,Branche
abamblettr5@jiathis.com,hbamblettr5,pass,Loïs,Bamblett
dnormantr6@wikimedia.org,enormantr6,pass,Cécile,Normant
mjoer7@squarespace.com,ejoer7,pass,Mahélie,Joe
kvernaur8@instagram.com,vvernaur8,pass,Styrbjörn,Vernau
ofilsonr9@soup.io,bfilsonr9,pass,Géraldine,Filson
dplascottra@nytimes.com,mplascottra,pass,Loïca,Plascott
rarmstrongrb@odnoklassniki.ru,barmstrongrb,pass,Aloïs,Armstrong
mbottenrc@g.co,gbottenrc,pass,Danièle,Botten
dambridgerd@bloglines.com,mambridgerd,pass,Eliès,Ambridge
bruitre@w3.org,gruitre,pass,Lauréna,Ruit
asilwoodrf@elpais.com,fsilwoodrf,pass,Mélia,Silwood
nmatiewerg@about.me,tmatiewerg,pass,Léone,Matiewe
ivakhrushinrh@tamu.edu,hvakhrushinrh,pass,Danièle,Vakhrushin
edoerrenri@redcross.org,edoerrenri,pass,Angèle,Doerren
swodhamrj@guardian.co.uk,cwodhamrj,pass,Pénélope,Wodham
lbeavingtonrk@google.ru,pbeavingtonrk,pass,Nadège,Beavington
lgothruprl@mozilla.com,hgothruprl,pass,Crééz,Gothrup
tgaylorrm@sun.com,igaylorrm,pass,Gaëlle,Gaylor
rbladesmithrn@yahoo.com,cbladesmithrn,pass,Loïca,Bladesmith
lfowdenro@creativecommons.org,afowdenro,pass,Tú,Fowden
aharkusrp@baidu.com,charkusrp,pass,Maëlys,Harkus
lmaudrq@nationalgeographic.com,smaudrq,pass,Cloé,Maud
cmapsonrr@gov.uk,kmapsonrr,pass,Yáo,Mapson
